pop_true,shuffle,session_name
0.8254301949243874,0.44089882660228064,hamilton_04
0.8407673702990914,0.4430004041266747,hamilton_09
0.6419745743631221,0.4421437574780205,hamilton_31
0.8135073774679068,0.4404993361976399,hamilton_38
0.7682831637365583,0.43115570713460605,hamilton_37
0.951678010058048,0.46371597238057294,hamilton_35
0.8457341165679308,0.43646580326257106,hamilton_36
0.8447145543235752,0.4468237366997679,hamilton_32
