pop_true,shuffle,session_name
0.8513073048694814,0.3302904515650553,hamilton_04
0.8764592193974468,0.331494880674968,hamilton_09
0.9524922501357495,0.3340143444472186,hamilton_31
0.9926321294594057,0.3330887174168678,hamilton_38
0.9831921127453107,0.3334861496380063,hamilton_37
0.9966983592416035,0.3270626469117941,hamilton_35
0.916891841772976,0.330380520449444,hamilton_36
0.9727755762913073,0.330270987386485,hamilton_32
